{"cameraMode":{"drawMode":0,"name":"Shaded","section":"Shading Mode"},"sceneLighting":true,"audioPlay":false,"sceneViewState":{"m_AlwaysRefresh":false,"showFog":true,"showSkybox":true,"showFlares":true,"showImageEffects":true,"showParticleSystems":true,"showVisualEffectGraphs":true,"m_FxEnabled":true},"in2DMode":false,"pivot":{"x":469.7419738769531,"y":296.3901672363281,"z":112.60442352294922},"rotation":{"x":0.17284514009952546,"y":-0.45095619559288027,"z":0.10407167673110962,"w":0.8694436550140381},"size":387.1307067871094,"orthographic":false}